employeeid,name,position,salary
1,Kai Le,Controls Engineer,92368.0
2,Robert Patel,Analyst,45703.0
3,Cameron Lo,Network Administrator,83576.0
4,Harper Castillo,IT Systems Architect,98062.0
5,Harper Dominguez,Director,175391.0
6,Ezra Vu,Network Administrator,66227.0
7,Jade Hu,Sr. Analyst,89744.0
8,Miles Chang,Analyst II,69674.0
9,Gianna Holmes,System Administrator�,97630.0
10,Jameson Thomas,Manager,105879.0
11,Jameson Pena,Systems Analyst,40499.0
12,Bella Wu,Sr. Analyst,71418.0
13,Jose Wong,Director,150558.0
14,Lucas Richardson,Manager,118912.0
15,Jacob Moore,Sr. Manager,131422.0
16,Luna Lu,IT Systems Architect,64208.0
17,Bella Tran,Vice President,254486.0
18,Ivy Chau,Analyst,54811.0
19,Jordan Kumar,Service Desk Analyst,95729.0
20,Sophia Gutierrez,Manager,102649.0
21,Eli Dang,Sr. Manager,122875.0
22,Lillian Lewis,Technical Architect,83323.0
23,Serenity Cao,Account Representative,66721.0
24,Parker Lai,Vice President,246400.0
25,Charles Simmons,Manager,113525.0
26,Jayden Luu,Director,184342.0
27,Brooks Richardson,Director,151341.0
28,Ivy Thompson,Manager,118900.0
29,Peyton Wright,Sr. Manager,153370.0
30,Wyatt Dinh,System Administrator�,72860.0
31,Ruby Alexander,Vice President,255610.0
32,Axel Oh,Sr. Analyst,84962.0
33,Axel Ramirez,Manager,103795.0
34,Liliana Chang,Service Desk Analyst,97509.0
35,Leonardo Carter,Business Partner,54931.0
36,Landon Gonzales,Test Engineer,88689.0
37,Amelia Dominguez,Sr. Manager,158184.0
38,Silas Ross,Analyst,48523.0
39,Jeremiah Cheng,Sr. Analyst,70946.0
40,Chloe Chin,Sr. Manager,134487.0
41,Ella Martinez,Sr. Analyst,76111.0
42,Gianna Jones,Manager,119220.0
43,Austin Chow,Vice President,180858.0
44,Ella Chen,Manager,114072.0
45,Ruby Kaur,Test Engineer,91672.0
46,Savannah Morales,Analyst II,71542.0
47,Luca Powell,IT Coordinator,54700.0
48,Parker Thao,Analyst II,65022.0
49,Ryan Vo,Cloud Infrastructure Architect,65109.0
50,Isabella Ngo,Manager,126598.0
51,Leah Vega,Cloud Infrastructure Architect,72388.0
52,Jaxson Liu,Vice President,205216.0
53,Santiago f Ross,Enterprise Architect,74004.0
54,Layla Bell,Vice President,203030.0
55,Bella Morales,Director,194864.0
56,Eliza Kang,Computer Systems Manager,76659.0
57,Gabriel Reyes,Manager,101630.0
58,Piper Garcia,Sr. Manager,126929.0
59,Jacob Cheng,Director,155890.0
60,Nathan Hong,Director,150631.0
61,Chloe Kim,Sr. Analyst,72850.0
62,Isaac Guzman,Account Representative,57951.0
63,Julian Ford,Analyst II,70340.0
64,Kinsley Liang,Automation Engineer,98221.0
65,Wesley Yu,Sr. Manager,127175.0
66,Serenity Martin,Sr. Analyst,97542.0
67,Ethan Sanchez,Sr. Analyst,81646.0
68,David Sanchez,Director,182055.0
69,Elias Hsu,Sr. Analyst,86777.0
70,Luca Phan,Manager,129949.0
71,Olivia Xi,Manager,124535.0
72,Alice Luu,System Administrator�,81083.0
73,Leonardo Ng,Analyst,57727.0
74,Peyton Edwards,Analyst II,59344.0
75,Axel Patel,Sr. Analyst,73203.0
76,Eva Chavez,IT Systems Architect,83070.0
77,Savannah Lee,Manager,104008.0
78,Mia Grant,Solutions Architect,70923.0
79,Eli Richardson,Sr. Manager,159121.0
80,Eloise Perry,Sr. Business Partner,88921.0
81,Ian Cheng,Sr. Manager,126704.0
82,Penelope Chan,Analyst II,57704.0
83,Sofia Vasquez,Director,191455.0
84,Anthony Baker,Solutions Architect,99937.0
85,Lucas Luong,Analyst,40778.0
86,Xavier Patel,Director,187740.0
87,Robert Soto,HRIS Analyst,72384.0
88,Nevaeh Jiang,Sr. Manager,143318.0
89,Chloe Reyes,Director,191304.0
90,Lucy Edwards,Director,175875.0
91,Luna Edwards,Manager,106726.0
92,Stella Daniels,Cloud Infrastructure Architect,72637.0
93,Ayla Ma,Manager,118304.0
94,Matthew Avila,Computer Systems Manager,68592.0
95,Gianna Lim,Analyst,42532.0
96,Joseph Tan,Technical Architect,65073.0
97,Connor Lai,Engineering Manager,111035.0
98,Ava Owens,Analyst II,63066.0
99,Dylan Aguilar,Director,186192.0
100,Leah Zheng,Director,182938.0
101,Jade Pham,Analyst,53931.0
102,Theodore Bui,Vice President,252140.0
103,Asher Chan,Sr. Business Partner,73041.0
104,Ezekiel Brown,Manager,120315.0
105,Peyton Allen,Manager,112264.0
106,Parker Joseph,Systems Analyst,55039.0
107,Kayden Ortiz,Sr. Manager,134782.0
108,Lillian Desai,Field Engineer,92806.0
109,Avery Gutierrez,Vice President,181028.0
110,Caroline Sandoval,Analyst,48117.0
111,Hailey Lim,Director,192753.0
112,Roman Liang,Sr. Analyst,85206.0
113,Elias Rojas,Account Representative,58290.0
114,Quinn Lai,Systems Analyst,41946.0
115,Clara Le,Service Desk Analyst,79388.0
116,Chloe Yoon,Network Administrator,83854.0
117,Abigail Simmons,Sr. Manager,126550.0
118,Ayla Espinoza,Director,199705.0
119,Nova Lin,Vice President,201235.0
120,Sadie Singh,Director,182717.0
121,Aaron Powell,Enterprise Architect,79975.0
122,Jameson Vargas,Director,196554.0
123,Logan Young,Vice President,239395.0
124,Wyatt Cheung,Analyst II,53703.0
125,Lucas Zhu,Manager,123480.0
126,Emily Hong,IT Coordinator,41197.0
127,Luke Ramos,Account Representative,72463.0
128,Maya Gupta,Field Engineer,87675.0
129,Eliana Ha,Analyst,55833.0
130,Lillian Cheng,Analyst II,58208.0
131,Alexander Pena,Sr. Analyst,75633.0
132,Leonardo Mai,Sr. Analyst,79090.0
133,Jack Phillips,Analyst II,66138.0
134,Scarlett Delgado,Cloud Infrastructure Architect,80728.0
135,Jack Rogers,Systems Analyst,46202.0
136,Violet Huynh,Manager,123096.0
137,Victoria Park,Analyst,45989.0
138,Elizabeth Rodriguez,Sr. Manager,140756.0
139,Samuel Kumar,Network Engineer,85261.0
140,Zoe Maldonado,Vice President,198222.0
141,Natalia Richardson,Sr. Manager,150825.0
142,Madeline Contreras,Analyst,59311.0
143,Raelynn Espinoza,Analyst,44411.0
144,Noah Rojas,Analyst II,69408.0
145,Jack Ramos,Sr. Analyst,96759.0
146,Riley King,Director,163480.0
147,Naomi Lee,System Administrator�,91132.0
148,Caleb Jones,Manager,122825.0
149,Peyton Alvarado,Service Desk Analyst,73612.0
150,Luca Liu,Account Representative,70561.0
151,Christian Johnson,Network Architect,60331.0
152,Kinsley Gonzales,Systems Analyst,48772.0
153,Hunter Yoon,Network Administrator,90599.0
154,Elias Dixon,IT Coordinator,55643.0
155,Owen Guerrero,Field Engineer,97938.0
156,Lucas Lo,Analyst,49627.0
157,Hunter Mitchell,IT Coordinator,58137.0
158,Eliana Bailey,Sr. Manager,120586.0
159,Gabriella Choi,Analyst II,72925.0
160,Evelyn Alvarado,Network Administrator,83548.0
161,Wyatt Chan,Manager,128226.0
162,Sarah Johnson,Director,150653.0
163,Brooks Evans,Sr. Account Representative,80989.0
164,Isaiah Dixon,Development Engineer,74901.0
165,Addison Lo,Cloud Infrastructure Architect,68712.0
166,Nolan Howard,Quality Engineer,82963.0
167,Paisley Dominguez,Engineering Manager,123203.0
168,Eliana Ho,Director,195416.0
169,Charles Miller,Director,156418.0
170,Mia Jiang,Vice President,255892.0
171,Skylar Parker,Technical Architect,96195.0
172,Zoey Leung,Network Administrator,77637.0
173,Austin Moua,Test Engineer,79294.0
174,Christopher Robinson,Vice President,254287.0
175,Jayden Zhang,Enterprise Architect,70516.0
176,Cora Mejia,Sr. Analyst,98296.0
177,Julian Harris,Operations Engineer,98565.0
178,Anthony Espinoza,Analyst II,59149.0
179,Aubrey Ruiz,Analyst II,70126.0
180,Piper Tang,Vice President,216787.0
181,Colton Delgado,Sr. Manager,156512.0
182,Madeline Chung,Analyst,44444.0
183,Ariana Sharma,Vice President,257725.0
184,Julian Marquez,Sr. Manager,122408.0
185,Logan Reyes,Quality Engineer,78251.0
186,Penelope Mai,Vice President,252938.0
187,Ryan Reed,Sr. Analyst,90296.0
188,Grayson Hwang,Sr. Analyst,91689.0
189,Ezra Tan,Sr. Manager,158028.0
190,David Ha,Sr. Account Representative,89759.0
191,Lillian Vang,Technical Architect,78640.0
192,Sofia Zhang,Analyst,55368.0
193,Athena Daniels,Network Administrator,78164.0
194,Jameson Shin,Sr. Analyst,76014.0
195,Everly Avila,Account Representative,61403.0
196,Liam Nelson,Technical Architect,80720.0
197,Theodore Lai,System Administrator�,94026.0
198,Caroline Do,Analyst,56963.0
199,Josiah Ramos,Manager,113246.0
200,Colton Alexander,Field Engineer,76416.0
201,Charles Ramos,Sr. Analyst,74597.0
202,Ellie Wilson,Director,164102.0
203,Peyton Powell,System Administrator�,74431.0
204,Hailey Rojas,Analyst,43378.0
205,Kai Singh,Analyst,47587.0
206,Ryan Rivera,Director,179983.0
207,Everett Lu,Manager,115565.0
208,Layla Nunez,Manager,126064.0
209,Liliana Collins,Sr. Manager,151666.0
210,Ezekiel Jenkins,Service Desk Analyst,99215.0
211,Christopher Wang,Cloud Infrastructure Architect,71502.0
212,Savannah Rodriguez,Director,168050.0
213,Lyla Turner,Sr. Manager,130862.0
214,Adrian Ngo,Enterprise Architect,85716.0
215,Aria Juarez,Director,185026.0
216,Audrey Ramos,Vice President,182403.0
217,Hazel Cho,Vice President,193531.0
218,Iris Chung,Manager,128301.0
219,Thomas Rodriguez,Analyst,51669.0
220,Avery Lo,Automation Engineer,104289.0
221,Gabriel Bell,Cloud Infrastructure Architect,70181.0
222,Gianna Walker,Computer Systems Manager,92317.0
223,Axel Bailey,Sr. Analyst,99382.0
224,Scarlett Green,Network Engineer,67702.0
225,Jackson Wong,Analyst II,53133.0
226,Eva Jimenez,Operations Engineer,110554.0
227,Ian Ma,Manager,109221.0
228,Luna Castro,IT Systems Architect,88933.0
229,Nolan Brooks,Business Partner,49342.0
230,Jayden Jones,Cloud Infrastructure Architect,74587.0
231,Asher Hsu,Sr. Analyst,80757.0
232,Greyson Lim,Director,198662.0
233,Chloe Miller,Sr. Manager,142506.0
234,Jaxson Brooks,Network Architect,77028.0
235,Jack Perez,Cloud Infrastructure Architect,80389.0
236,Ruby Reed,Vice President,249062.0
237,Ivy Rojas,IT Coordinator,52675.0
238,Hudson Wong,Sr. Account Representative,83365.0
239,Ryan Yi,Solutions Architect,82758.0
240,Carter Simmons,Manager,126406.0
241,Emilia Xu,Manager,103147.0
242,Adam Medina,IT Systems Architect,81622.0
243,Connor Howard,Systems Analyst,44265.0
244,Audrey Duong,Vice President,213998.0
245,Landon Reyes,Director,171823.0
246,Noah Ma,Vice President,201013.0
247,Lucas Alexander,Director,192944.0
248,Henry Vo,Controls Engineer,81699.0
249,Mila Han,Manager,128791.0
250,Genesis Herrera,Manager,126898.0
251,Olivia Vazquez,Network Engineer,93053.0
252,Leilani Ng,Systems Analyst,50513.0
253,Olivia Mendoza,Sr. Account Representative,86533.0
254,Skylar Xu,Test Engineer,72806.0
255,Eloise Williams,Vice President,258115.0
256,Jackson Maldonado,Cloud Infrastructure Architect,63444.0
257,Christian Harris,Engineering Manager,96099.0
258,Penelope Santos,IT Systems Architect,92849.0
259,Nicholas Zhou,Sr. Account Representative,85094.0
260,Ayla Garza,Sr. Manager,156224.0
261,Carson Mai,Vice President,245920.0
262,Luna Lu,Analyst II,50214.0
263,Anthony Ho,Sr. Analyst,79713.0
264,Clara Lopez,Director,166699.0
265,Melody Woods,Network Administrator,78788.0
266,Matthew Simmons,Sr. Manager,142797.0
267,Gabriella Carrillo,Vice President,187516.0
268,Lydia Juarez,Director,156029.0
269,Ava Carrillo,Sr. Manager,149582.0
270,Elena Sharma,Director,163922.0
271,Julia Ahmed,Vice President,240860.0
272,Iris Vo,Manager,128497.0
273,Hunter Yi,Automation Engineer,121976.0
274,Valentina Oh,Sr. Manager,126464.0
275,Kinsley Tran,Vice President,234064.0
276,Christian Hong,Sr. Analyst,81829.0
277,Amelia Mehta,Director,193971.0
278,Axel Leung,Business Partner,47696.0
279,Lucas Lam,Manager,116676.0
280,Jose Thompson,Manager,104162.0
281,Wesley Duong,Sr. Business Partner,86226.0
282,Adeline Maldonado,Director,172206.0
283,Elias Diaz,HRIS Analyst,55985.0
284,Wyatt Aguilar,Technical Architect,61481.0
285,Josephine Espinoza,Manager,124295.0
286,Adeline Lai,Sr. Manager,132894.0
287,Christopher Vu,Computer Systems Manager,88839.0
288,Kai Vega,Automation Engineer,78107.0
289,Hailey Chin,Sr. Manager,135642.0
290,Eleanor Xi,Sr. Manager,147853.0
291,Lily Molina,Manager,125900.0
292,Levi Vasquez,IT Coordinator,42969.0
293,Elijah Washington,Vice President,214303.0
294,Gianna Park,Vice President,199406.0
295,Melody Leung,Vice President,182436.0
296,Liliana Valdez,Computer Systems Manager,96507.0
297,Ezekiel Kumar,Field Engineer,82906.0
298,Ruby Rahman,Business Partner,41616.0
299,Natalie Stewart,Network Engineer,92344.0
300,Charlotte Lim,Vice President,196614.0
301,Elena Campos,Manager,104253.0
302,Vivian Lim,IT Coordinator,44677.0
303,Madison Xu,Network Engineer,66463.0
304,Ava Aguilar,Business Partner,53285.0
305,Kayden Patel,Development Engineer,67683.0
306,Penelope Desai,Vice President,238155.0
307,Henry Vang,Director,173630.0
308,Eliana Turner,Sr. Analyst,98992.0
309,Charlotte Tran,Vice President,253330.0
310,Everly Coleman,Sr. Manager,158403.0
311,Matthew Harris,Sr. Manager,156085.0
312,Emilia Barnes,Enterprise Architect,80129.0
313,Sophie Griffin,Account Representative,60517.0
314,Kai Phillips,Test Engineer,72315.0
315,Dylan Khan,Director,153815.0
316,Nevaeh Clark,Sr. Manager,139552.0
317,Carter Luu,Vice President,257296.0
318,Jordan Ngo,Sr. Analyst,91372.0
319,Jackson Hu,Sr. Business Partner,73601.0
320,Madelyn Kang,IT Systems Architect,71871.0
321,Everleigh Bell,Sr. Account Representative,84925.0
322,Eliana Trinh,Sr. Manager,155600.0
323,Oliver Ford,Manager,101564.0
324,Ryan Huang,Controls Engineer,80150.0
325,Gabriel Ahmed,HRIS Analyst,73996.0
326,Ivy Rios,Network Architect,90109.0
327,Luca Hunter,Field Engineer,67216.0
328,Claire Owens,Network Engineer,75402.0
329,Aubrey Maldonado,Automation Engineer,120795.0
330,Elias Vasquez,Systems Analyst,44012.0
331,Melody Luu,Vice President,219180.0
332,Christopher Luu,Vice President,258700.0
333,James Han,Test Engineer,97496.0
334,Jaxson Ayala,Vice President,239270.0
335,Levi James,Manager,103466.0
336,Grayson Carrillo,Sr. Analyst,74662.0
337,Maverick Hwang,Vice President,227816.0
338,Noah Truong,Vice President,246680.0
339,Willow Guzman,Enterprise Architect,85164.0
340,Rylee Howard,Sr. Manager,135215.0
341,Ian Marquez,HRIS Analyst,72542.0
342,Layla Owens,Vice President,246303.0
343,Chloe Dixon,Vice President,186400.0
344,Emily Zheng,Solutions Architect,91004.0
345,Jayden Rogers,Manager,101411.0
346,Elizabeth Vasquez,Controls Engineer,111779.0
347,Samantha Ford,Technical Architect,86075.0
348,Thomas Silva,Analyst,52798.0
349,Charlotte Park,Network Architect,96136.0
350,Liam Jimenez,Sr. Analyst,95682.0
351,Ivy Liu,Analyst II,55476.0
352,Jayden Dixon,Vice President,197792.0
353,Nevaeh Butler,Field Engineer,82271.0
354,Leonardo Li,Sr. Manager,155716.0
355,Kinsley Woods,HRIS Analyst,71699.0
356,Abigail Chu,Sr. Manager,147436.0
357,Ava Xiong,Sr. Business Partner,88220.0
358,Olivia Marquez,Account Representative,54295.0
359,Claire Vazquez,Vice President,246538.0
360,Christian Castro,IT Coordinator,43645.0
361,Mason Oh,Manager,125644.0
362,Violet Santiago,Service Desk Analyst,78414.0
363,Lily Rios,Sr. Analyst,88016.0
364,Kinsley Stewart,Computer Systems Manager,66561.0
365,Aria Molina,Development Engineer,89811.0
366,James Cheng,Manager,125506.0
367,Mila Vang,Analyst II,56409.0
368,Alice Liu,Sr. Manager,122058.0
369,Delilah Gonzalez,Sr. Analyst,82550.0
370,Samuel Tang,System Administrator�,93760.0
371,Serenity Gray,Analyst,55008.0
372,Benjamin Estrada,Analyst II,65368.0
373,Wesley Han,Test Engineer,83955.0
374,Nora Herrera,Vice President,231907.0
375,Lincoln Harris,IT Systems Architect,97628.0
376,Charles Gonzales,IT Systems Architect,88142.0
377,Athena Cheng,Test Engineer,83465.0
378,David Garza,Director,197731.0
379,Hunter Doan,Sr. Manager,151758.0
380,Julian Lam,Director,164340.0
381,Sofia Estrada,Controls Engineer,104916.0
382,Jordan Chen,Analyst,42536.0
383,Eloise Huang,Vice President,195171.0
384,Ivy Mehta,Business Partner,45290.0
385,Eli Castillo,Vice President,203306.0
386,Nolan Garcia,Analyst II,66865.0
387,Alexander Zhu,Network Architect,89164.0
388,Victoria Wu,Sr. Analyst,75602.0
389,Mateo Jordan,Network Administrator,92939.0
390,Everly Martin,Analyst II,64278.0
391,Athena Castro,Solutions Architect,72176.0
392,Josephine White,Computer Systems Manager,87758.0
393,Nicholas Vo,Analyst II,54646.0
394,Jackson Sandoval,HRIS Analyst,73323.0
395,Olivia Turner,Director,151492.0
396,Cooper Rivera,Sr. Manager,138215.0
397,Hailey Washington,Sr. Manager,135578.0
398,Mia Vasquez,Test Engineer,64297.0
399,Jose Grant,Development Engineer,94857.0
400,Nathan Yee,Development Engineer,77196.0
401,Isabella Munoz,Director,193154.0
402,Michael Turner,Manager,115916.0
403,Oliver Jones,Vice President,192374.0
404,Charles Taylor,Director,186869.0
405,Gianna Alvarez,Business Partner,49293.0
406,Nova Martin,Manager,129087.0
407,Julia Gonzalez,Analyst,54831.0
408,Athena Vu,Analyst,51825.0
409,Caroline Bui,Field Engineer,67457.0
410,Daniel Ali,Cloud Infrastructure Architect,94555.0
411,Iris Huang,Director,163686.0
412,Natalia Cheng,Systems Analyst,47919.0
413,Owen Evans,Enterprise Architect,68972.0
414,Angel Dixon,Analyst,50775.0
415,Aubrey Guerrero,Sr. Manager,122713.0
416,Ivy Do,Analyst II,57230.0
417,Kai Gutierrez,Sr. Manager,148794.0
418,Caroline Ahmed,Sr. Manager,155884.0
419,Alice Sharma,Account Representative,50975.0
420,Leo Simmons,Analyst,52200.0
421,Asher Hong,Director,154141.0
422,Gianna Ramirez,Field Engineer,69245.0
423,Thomas Smith,Field Engineer,78212.0
424,Carter Hunter,Sr. Analyst,72650.0
425,Charlotte Green,Automation Engineer,124681.0
426,Lincoln Holmes,Network Administrator,89051.0
427,Hudson Hu,Automation Engineer,121049.0
428,Noah Mitchell,Network Engineer,70519.0
429,Liliana Choi,Manager,106302.0
430,Leonardo Cho,Engineering Manager,119960.0
431,Oliver Delgado,Test Engineer,84309.0
432,Isabella Roberts,Vice President,228494.0
433,Luca Desai,Manager,112076.0
434,William Juarez,Technical Architect,88533.0
435,Ryan Alvarez,HRIS Analyst,72025.0
436,Hudson Ha,Field Engineer,67947.0
437,Hannah Brown,Cloud Infrastructure Architect,79764.0
438,Hadley Le,Cloud Infrastructure Architect,60690.0
439,Jaxson Shah,Analyst,44520.0
440,Christopher Delgado,Network Architect,84317.0
441,Hannah Ng,Director,151055.0
442,Austin Ngo,Network Architect,62492.0
443,Gianna Han,HRIS Analyst,72589.0
444,Isaac Choi,Operations Engineer,82286.0
445,Madeline Smith,Cloud Infrastructure Architect,66660.0
446,Ellie Fernandez,Quality Engineer,86805.0
447,Lyla Lai,Manager,125878.0
448,Emily Moore,Analyst,50290.0
449,Aubrey Moreno,Computer Systems Manager,97083.0
450,Nova Xiong,Network Administrator,93306.0
451,Eva Lam,Field Engineer,73404.0
452,Caroline Chau,IT Systems Architect,91179.0
453,Sofia Chen,Manager,108003.0
454,Christopher Sharma,System Administrator�,81384.0
455,Lucas Grant,Sr. Business Partner,97218.0
456,Delilah Washington,Analyst,42944.0
457,Eloise Molina,Analyst,43980.0
458,Clara Desai,Manager,109533.0
459,Audrey Campbell,Vice President,226952.0
460,Delilah Alvarez,System Administrator�,71580.0
461,Luke Luna,Analyst II,66172.0
462,Elizabeth Tan,Vice President,237489.0
463,Sophia Wang,Analyst,48733.0
464,Nova Park,Analyst,48563.0
465,Josiah Khan,Cloud Infrastructure Architect,86592.0
466,Madison Gray,Vice President,189823.0
467,Luca Washington,Enterprise Architect,65075.0
468,Isaac Cruz,Vice President,187917.0
469,Ellie Ortega,Analyst,42242.0
470,Ian Huang,Analyst,53931.0
471,Jayden Ahmed,Sr. Manager,140668.0
472,Violet Simmons,Analyst,53948.0
473,William Roberts,Director,174257.0
474,Penelope Sandoval,Sr. Manager,132209.0
475,Emilia Ortiz,Vice President,208883.0
476,Layla Gutierrez,Computer Systems Manager,65957.0
477,Dylan Vu,Manager,106481.0
478,Peyton Wong,Vice President,218127.0
479,Santiago f Banks,Sr. Manager,151481.0
480,Caroline Wong,Analyst,40508.0
481,Quinn Ho,Vice President,200481.0
482,Caroline Nunez,Vice President,224872.0
483,Carson Brown,Sr. Manager,149474.0
484,Olivia Maldonado,Test Engineer,86820.0
485,Emilia Chung,Director,184078.0
486,Leilani Shin,Analyst,55174.0
487,Abigail Zhu,Director,152474.0
488,Autumn Xiong,Network Administrator,75172.0
489,Hailey Cruz,Business Partner,56002.0
490,Piper Cruz,Director,195636.0
491,Jaxson Jackson,Enterprise Architect,63165.0
492,Serenity Mehta,Analyst,57277.0
493,Peyton Gomez,Analyst,42950.0
494,Ethan Vargas,Director,168410.0
495,Serenity Morris,Manager,114588.0
496,Vivian Chan,Sr. Analyst,72546.0
497,Lincoln Singh,Analyst,55397.0
498,Ayla Lim,Director,192266.0
499,Leilani Hong,System Administrator�,79876.0
500,Victoria Doan,Manager,112593.0
501,Naomi Wright,System Administrator�,99249.0
502,Scarlett Howard,Manager,117421.0
503,Victoria Vo,Field Engineer,82241.0
504,Oliver Fernandez,Manager,125664.0
505,Luca Jiang,Account Representative,57386.0
506,Charlotte Owens,Vice President,196740.0
507,Stella Tan,Director,168202.0
508,Ellie Yoon,Vice President,242004.0
509,Ella Do,Account Representative,57433.0
510,Lucas Cruz,Sr. Analyst,74656.0
511,Sarah Mehta,HRIS Analyst,62848.0
512,Anthony Phan,Enterprise Architect,92523.0
513,David Chu,Sr. Manager,142844.0
514,Sebastian Sanders,Manager,100718.0
515,Jayden Phillips,Director,154186.0
516,Caleb Chan,Operations Engineer,107586.0
517,Ariana Santiago,Network Architect,88906.0
518,Quinn Owens,Field Engineer,74329.0
519,Eli James,Network Engineer,86523.0
520,Ezra Aguilar,Vice President,239868.0
521,Anna Castro,Analyst II,65010.0
522,Liliana Lewis,Network Administrator,82140.0
523,Maverick Alvarado,Solutions Architect,75511.0
524,Nora Butler,Vice President,188880.0
525,Landon Rodriguez,Sr. Account Representative,87155.0
526,Grace Harris,Enterprise Architect,75518.0
527,Jeremiah Medina,Sr. Manager,129311.0
528,Charles Bryant,Analyst,56919.0
529,Elizabeth Dixon,Sr. Manager,153832.0
530,Riley Phillips,Vice President,211121.0
531,Gianna Cruz,Manager,106456.0
532,Lincoln Cruz,Network Architect,72772.0
533,Ezekiel Contreras,Sr. Manager,143146.0
534,Amelia Do,Analyst II,74776.0
535,Anthony Perez,Sr. Account Representative,92305.0
536,Elias Maldonado,IT Systems Architect,94724.0
537,Liam Luong,Technical Architect,88019.0
538,Jordan Ford,Manager,108000.0
539,Mateo Chung,Network Architect,81438.0
540,Jameson Vang,Computer Systems Manager,95669.0
541,Samuel Thomas,Vice President,180385.0
542,Gabriel Rodriguez,IT Coordinator,45184.0
543,Wyatt Robinson,Development Engineer,70451.0
544,Anna Huynh,Technical Architect,63259.0
545,Lucy Simmons,Analyst II,73778.0
546,Austin Ng,Sr. Manager,126697.0
547,Madeline Cruz,System Administrator�,75396.0
548,Layla Munoz,Director,182595.0
549,Alexander Tang,Analyst,45424.0
550,Carson Chen,Analyst II,70661.0
551,Kai Duong,IT Coordinator,57166.0
552,Ayla Cooper,Operations Engineer,101637.0
553,Eliza Espinoza,Manager,103646.0
554,Axel King,Automation Engineer,100757.0
555,Alexander Carter,Network Administrator,60963.0
556,Robert Rogers,Vice President,258734.0
557,Anthony Gupta,Cloud Infrastructure Architect,70612.0
558,Jackson Gupta,Service Desk Analyst,77065.0
559,Sophia Rodriguez,Development Engineer,96256.0
560,Cora Patel,Analyst II,65794.0
561,Piper Hsu,Analyst,48491.0
562,Hunter Marquez,Operations Engineer,83220.0
563,Addison Li,HRIS Analyst,61680.0
564,Carson Hoang,Sr. Analyst,72482.0
565,Julian Fernandez,Development Engineer,81713.0
566,Caleb Rojas,Analyst II,68281.0
567,Elizabeth Griffin,Cloud Infrastructure Architect,63979.0
568,Nolan Han,Business Partner,53090.0
569,Cameron Romero,Manager,108325.0
570,Angel Patterson,Sr. Analyst,98289.0
571,Ryan Foster,IT Coordinator,41275.0
572,Leonardo Patterson,Sr. Analyst,93642.0
573,William Song,Director,162957.0
574,Axel Aguilar,Sr. Analyst,96029.0
575,Liam Valdez,Vice President,227148.0
576,Hudson Washington,Cloud Infrastructure Architect,76819.0
577,Owen Han,Analyst II,66892.0
578,Harper Washington,Vice President,256084.0
579,Brooklyn Parker,Sr. Analyst,85669.0
580,Hudson Oh,IT Coordinator,44454.0
581,Maverick Howard,IT Coordinator,54353.0
582,Alexander Dominguez,Analyst II,58867.0
583,Jack Garcia,Manager,123918.0
584,Aiden Hu,IT Coordinator,56680.0
585,Cora Espinoza,Business Partner,55206.0
586,Naomi Moua,Director,150633.0
587,Liam Baker,Network Administrator,97379.0
588,Christian Liu,Director,178447.0
589,Aaron Munoz,Network Administrator,60827.0
590,Levi Kang,Engineering Manager,96951.0
591,Isaac Foster,Manager,103051.0
592,Samantha Zhu,Vice President,256592.0
593,Vivian Watson,Development Engineer,79323.0
594,Emery Hernandez,Development Engineer,75583.0
595,Camila Baker,Account Representative,73646.0
596,David Bryant,Solutions Architect,64937.0
597,Miles Perez,Manager,112146.0
598,Elijah Hill,Sr. Analyst,83332.0
599,Sofia Shin,Computer Systems Manager,66248.0
600,Ezekiel Lee,Sr. Manager,127238.0
601,Nevaeh Truong,Network Architect,87857.0
602,Leah Ali,HRIS Analyst,51454.0
603,Emma Soto,Sr. Manager,128066.0
604,Lydia Marquez,Sr. Manager,130790.0
605,Cora Munoz,Vice President,233342.0
606,Hudson Ross,Analyst,54155.0
607,Aiden Cheng,Vice President,189403.0
608,Willow Vang,Sr. Analyst,78732.0
609,Jonathan Young,Analyst,55401.0
610,Isaac Rojas,System Administrator�,82343.0
611,Dylan Guzman,Quality Engineer,66226.0
612,Sarah Shin,Vice President,193435.0
613,Michael Johnson,Manager,114241.0
614,Riley Vega,Director,177264.0
615,Benjamin Ali,Business Partner,58010.0
616,Ezekiel Cooper,Director,154284.0
617,Lyla Walker,Analyst,54633.0
618,Aria Cheng,Business Partner,42829.0
619,Christopher Ramirez,Engineering Manager,118973.0
620,Emily Roberts,Network Architect,61251.0
621,Nathan Parker,Engineering Manager,108636.0
622,Nora Her,Field Engineer,68780.0
623,Mia Brown,Analyst II,60261.0
624,Hunter Hu,Manager,100951.0
625,Luke Acosta,Network Architect,93872.0
626,Sophia Griffin,Vice President,181570.0
627,Anthony Chu,Manager,101517.0
628,Landon Ha,Manager,100822.0
629,Layla Kang,Manager,128965.0
630,Cora Xu,Network Administrator,60513.0
631,Rylee Campos,Manager,107461.0
632,Amelia Foster,Analyst II,66294.0
633,Hadley Rios,Sr. Manager,157500.0
634,Luna Chang,IT Coordinator,43271.0
635,Mia Navarro,Technical Architect,91518.0
636,Nova Rios,Sr. Manager,130874.0
637,Theodore Truong,HRIS Analyst,66324.0
638,Asher Ly,Analyst II,63853.0
639,Madeline Doan,Manager,104692.0
640,Scarlett Rodriguez,Solutions Architect,71864.0
641,Zoey Lu,Vice President,216269.0
642,Mila Cheung,Enterprise Architect,73135.0
643,Lucy Mai,Director,197579.0
644,Benjamin Luu,Systems Analyst,59733.0
645,Mia Navarro,Vice President,187792.0
646,Maya Watson,Manager,108612.0
647,Jack Adams,System Administrator�,80350.0
648,Gabriella Jordan,Test Engineer,61243.0
649,Jonathan Torres,Analyst,48896.0
650,Samuel Xu,Quality Engineer,82887.0
651,Ezekiel Lai,Analyst,54742.0
652,Levi Rahman,Sr. Manager,134544.0
653,Madison Phan,Manager,128115.0
654,Andrew Pham,Analyst,54713.0
655,Clara Ford,Analyst II,63987.0
656,Christopher Chau,IT Systems Architect,86288.0
657,Madeline Guerrero,Quality Engineer,61693.0
658,Harper Yee,System Administrator�,75624.0
659,Mia Thomas,Manager,122979.0
660,Owen Nelson,Engineering Manager,91729.0
661,Aiden Evans,Manager,117736.0
662,Josiah Lai,Sr. Manager,154658.0
663,Jameson Yee,Enterprise Architect,84397.0
664,Serenity Her,Director,159285.0
665,Ariana Turner,Analyst II,59854.0
666,Jacob Cooper,Solutions Architect,87521.0
667,Christopher Dominguez,Director,179166.0
668,Nevaeh Lim,Controls Engineer,120092.0
669,Dominic Cheng,Director,168142.0
670,Serenity Rodriguez,Director,195662.0
671,Caleb Thompson,Systems Analyst,49986.0
672,Luke Avila,Vice President,181587.0
673,Sadie Chin,Vice President,199736.0
674,Everett Le,Vice President,250639.0
675,Carson Santos,Sr. Account Representative,80655.0
676,Natalie Ho,Analyst II,64327.0
677,Natalia Hall,Analyst II,72005.0
678,Zoey Ahmed,Quality Engineer,62497.0
679,Santiago f Turner,Sr. Account Representative,74912.0
680,Jacob Alexander,Business Partner,50393.0
681,Christopher Aguilar,Enterprise Architect,79670.0
682,Vivian Jackson,Sr. Manager,148942.0
683,Leonardo Jenkins,Service Desk Analyst,98504.0
684,Oliver Hunter,Service Desk Analyst,70588.0
685,Ayla Brooks,Analyst,58336.0
686,Willow Chau,Development Engineer,86001.0
687,Kai Shin,Sr. Analyst,91121.0
688,Liliana Zhao,Director,183308.0
689,Aiden Carter,Network Architect,71674.0
690,Christopher Song,Automation Engineer,118639.0
691,Charles Luu,Enterprise Architect,71808.0
692,Kayden Dinh,Sr. Manager,156374.0
693,Valentina Zhang,Systems Analyst,51133.0
694,Alexander Perez,Quality Engineer,86761.0
695,Everleigh Kumar,Manager,125213.0
696,Santiago f Xiong,Manager,120305.0
697,Elizabeth Powell,Sr. Manager,138355.0
698,Lucas Yang,Network Engineer,70996.0
699,John Richardson,Computer Systems Manager,77024.0
700,Miles Ross,IT Coordinator,50022.0
701,Jonathan Santos,Vice President,204534.0
702,Joshua Maldonado,Sr. Account Representative,75814.0
703,Santiago f Vo,Director,169487.0
704,Leilani Martin,Sr. Manager,156435.0
705,Luca Xiong,Account Representative,59845.0
706,Valentina Campos,System Administrator�,93656.0
707,Grayson Jenkins,Test Engineer,99035.0
708,Jeremiah Ross,Sr. Manager,137997.0
709,Natalie Zheng,Network Engineer,61573.0
710,Jace Mehta,Analyst,41102.0
711,Hannah Doan,Manager,129866.0
712,Caroline Robinson,Director,161868.0
713,Naomi Ma,Field Engineer,67131.0
714,Adam Davis,Quality Engineer,71345.0
715,Ellie Ho,Vice President,246757.0
716,Mila Liang,Manager,106880.0
717,Nova Doan,IT Systems Architect,98733.0
718,Colton Mejia,Sr. Manager,141675.0
719,Joseph Kim,Analyst II,53210.0
720,Audrey Campos,Manager,107114.0
721,Vivian Brooks,Business Partner,57483.0
722,Mateo Vargas,Network Architect,75226.0
723,David Foster,Controls Engineer,87727.0
724,Isaiah Ramos,Solutions Architect,87897.0
725,Samantha Do,IT Systems Architect,99612.0
726,Emery Fernandez,Analyst,56938.0
727,Santiago f Brooks,Sr. Business Partner,92247.0
728,Aubrey Lin,Vice President,193672.0
729,Jace Hsu,Systems Analyst,46098.0
730,Nicholas Sanders,Vice President,239980.0
731,Joshua Sun,Manager,121546.0
732,Riley Ayala,Manager,128714.0
733,Isaac Santos,Development Engineer,91537.0
734,Logan Brooks,Director,178300.0
735,Leilani Hu,Analyst II,50260.0
736,Jace Cho,Director,161800.0
737,Jaxson Fong,Sr. Manager,157616.0
738,Wyatt Ly,Quality Engineer,82697.0
739,Mia Huang,Sr. Manager,124404.0
740,Levi Her,Sr. Manager,158750.0
741,Everleigh Phillips,Analyst II,69057.0
742,Natalie Acosta,Sr. Manager,157976.0
743,Hadley Chavez,Analyst,54355.0
744,Hailey Liu,Field Engineer,72475.0
745,Nicholas Jiang,Engineering Manager,80132.0
746,Gabriel Xu,Analyst,52292.0
747,Sophia Collins,Cloud Infrastructure Architect,69110.0
748,Evelyn Vasquez,Technical Architect,68676.0
749,Paisley Baker,Test Engineer,86094.0
750,Eloise Griffin,Enterprise Architect,77607.0
751,Samuel Cruz,Sr. Manager,157672.0
752,Gabriel Cheung,Analyst,43785.0
753,Kai Green,System Administrator�,75439.0
754,Julia Moore,Sr. Manager,139987.0
755,Roman Mendoza,Vice President,257489.0
756,Levi Rahman,System Administrator�,91639.0
757,Sadie Pham,Analyst II,66563.0
758,Chloe Contreras,Vice President,235047.0
759,Owen Ford,Vice President,214782.0
760,Audrey Powell,Director,180544.0
761,Greyson Munoz,Sr. Manager,158614.0
762,Isaiah Vang,Quality Engineer,63187.0
763,Lincoln Alvarado,Sr. Analyst,93857.0
764,Carter Sandoval,Vice President,253741.0
765,Julia Jimenez,Sr. Analyst,92833.0
766,Savannah Cortez,Service Desk Analyst,95400.0
767,Everly Brown,Quality Engineer,88230.0
768,Charlotte Pham,Field Engineer,62179.0
769,Iris Bailey,IT Coordinator,42343.0
770,Logan Daniels,Sr. Analyst,70275.0
771,Autumn Molina,Analyst II,51448.0
772,Emma Mehta,Vice President,185363.0
773,Julian Joseph,Enterprise Architect,60784.0
774,Eleanor Munoz,Analyst,45323.0
775,Caroline Sandoval,Manager,129727.0
776,Eliza Zhu,Account Representative,63229.0
777,Greyson Moore,Director,194221.0
778,Lyla Clark,Sr. Analyst,78020.0
779,Samuel Patterson,Vice President,197331.0
780,Robert Padilla,Analyst II,63346.0
781,Landon Munoz,Controls Engineer,105574.0
782,Josiah Yi,Operations Engineer,101941.0
783,Owen Scott,Solutions Architect,74777.0
784,Matthew Parker,Analyst,59447.0
785,Daniel Huynh,Manager,105072.0
786,Matthew Vargas,Sr. Manager,150893.0
787,Ella Herrera,Director,156276.0
788,Everly Hwang,Director,191755.0
789,Ian Hernandez,Director,176533.0
790,Charlotte Lam,Service Desk Analyst,60919.0
791,Jonathan Ali,Automation Engineer,60919.0
792,Violet He,Analyst,60919.0
793,Hannah Truong,Sr. Analyst,60919.0
794,Hannah Nelson,Account Representative,60919.0
795,Autumn Kaur,Account Representative,129172.0
796,Jameson Salazar,Controls Engineer,85822.0
797,Luke Luna,Analyst,85822.0
798,Hunter Moua,Sr. Analyst,72620.0
799,Athena Aguilar,Analyst II,71222.0
800,Ariana Sanders,Director,155332.0
801,Easton Cruz,Manager,107202.0
802,Josiah Vega,Manager,121751.0
803,Isla Chavez,Manager,115591.0
804,Willow Estrada,Manager,108601.0
805,Nevaeh Ng,Sr. Manager,159823.0
806,Jade Hu,Analyst,53526.0
807,Henry Vazquez,IT Systems Architect,90084.0
808,Nathan Jackson,Vice President,210085.0
809,Anthony Lam,Sr. Manager,133908.0
810,Nevaeh Ali,Manager,100652.0
811,Mila Vasquez,Vice President,225725.0
812,Madelyn Henry,Vice President,224989.0
813,Emilia Alexander,Operations Engineer,109680.0
814,Christian Ayala,Sr. Account Representative,74216.0
815,Willow Xiong,Sr. Manager,151363.0
816,Avery Valdez,HRIS Analyst,62686.0
817,Abigail Carter,Director,178218.0
818,Madison Patel,Test Engineer,69125.0
819,Kinsley Hill,Account Representative,59436.0
820,Kai Barnes,Account Representative,58733.0
821,Lincoln Cheng,Sr. Analyst,88681.0
822,Noah Sharma,Sr. Analyst,186854.0
823,Ariana Hall,Manager,128954.0
824,Kinsley Gonzalez,Manager,125641.0
825,Dominic Tang,Manager,100666.0
826,Colton Le,HRIS Analyst,71235.0
827,Kai Huang,Sr. Business Partner,83235.0
828,Addison Cruz,Sr. Business Partner,42075.0
829,Maria Barnes,Sr. Business Partner,76506.0
830,Everett Le,Sr. Business Partner,100051.0
831,Mia Vang,Sr. Business Partner,256509.0
832,Parker Desai,Sr. Analyst,87914.0
833,Adam Jordan,Sr. Analyst,79620.0
834,Leah Stewart,Cloud Infrastructure Architect,62450.0
835,Robert Santos,Sr. Manager,134612.0
836,Addison Ma,Systems Analyst,46151.0
837,Clara Collins,Network Engineer,63889.0
838,Stella Castro,Test Engineer,75060.0
839,Lucy Chin,Director,175033.0
840,Piper Evans,Computer Systems Manager,89379.0
841,Cora Coleman,Controls Engineer,98594.0
842,Cora Holmes,Vice President,224435.0
843,Leo Figueroa,Technical Architect,63644.0
844,Allison Wang,Manager,121234.0
845,Levi Cruz,Sr. Analyst,83793.0
846,Iris Phillips,Test Engineer,99586.0
847,Madelyn Chavez,Business Partner,59514.0
848,Caroline Smith,Manager,106043.0
849,Grayson Lai,Solutions Architect,78985.0
850,Anna Guerrero,Solutions Architect,226122.0
851,Paisley Bell,Solutions Architect,110720.0
852,Jose Park,Solutions Architect,152519.0
853,Eliza Parker,Solutions Architect,80015.0
854,Harper Castillo,Vice President,192286.0
855,Melody Yoon,Business Partner,40352.0
856,Avery Smith,Sr. Manager,147813.0
857,Madeline Vu,System Administrator�,96404.0
858,Aubrey Cheng,Analyst II,64882.0
859,Clara Henderson,Vice President,203739.0
860,Jace Henderson,Director,203739.0
861,Caroline Martin,Computer Systems Manager,203739.0
862,Asher Bui,Sr. Account Representative,90881.0
863,Samantha Chau,Network Architect,83965.0
864,Charles Robinson,Development Engineer,73500.0
865,Jonathan Nelson,Director,175137.0
866,Liliana Simmons,Director,161453.0
867,Logan Ortega,Analyst II,64234.0
868,Isaac Jung,,103726.0
869,Levi Gonzalez,Controls Engineer,103726.0
870,Santiago f Wang,Sr. Manager,133267.0
871,Julia Kim,Account Representative,50038.0
872,Noah Allen,Analyst,52058.0
873,Colton Adams,Manager,52058.0
874,Colton Mehta,Analyst,53829.0
875,Caroline Gomez,Sr. Account Representative,53829.0
876,Kayden Tang,Sr. Manager,136723.0
877,Hadley Parker,Manager,129099.0
878,Elizabeth Estrada,IT Coordinator,59376.0
879,Sofia Yee,System Administrator�,98060.0
880,Asher Mendoza,Sr. Manager,152911.0
881,Jordan Hernandez,Systems Analyst,42994.0
882,Everleigh Tan,Analyst,59853.0
883,Joshua Hall,Systems Analyst,41220.0
884,Stella Gupta,Sr. Analyst,97261.0
885,Levi White,Manager,127363.0
886,Matthew Jackson,Manager,111274.0
887,Dominic Martinez,Computer Systems Manager,90554.0
888,Aiden Aguilar,Manager,100226.0
889,Victoria Hu,Field Engineer,93348.0
890,Eloise Campos,Network Engineer,78059.0
891,Emilia Alvarado,Business Partner,58480.0
892,Lydia Ahmed,Vice President,218052.0
893,Dylan Simmons,Manager,218052.0
894,Jaxson Chu,Director,218052.0
895,Ariana Griffin,Vice President,241722.0
896,Hudson Bailey,Solutions Architect,91835.0
897,Colton Grant,Sr. Analyst,93910.0
898,Emery Flores,Sr. Analyst,86303.0
899,Gabriella Wong,Sr. Manager,122731.0
900,Ian Gonzales,Sr. Manager,147867.0
901,Jaxon Wright,Manager,123790.0
902,Ethan Cruz,Sr. Business Partner,77153.0
903,Adrian James,Enterprise Architect,73779.0
904,Isabella Mejia,Vice President,231699.0
905,Christopher Miller,Vice President,199512.0
906,Samuel Watson,Network Architect,77557.0
907,Lucy Phan,Sr. Analyst,99760.0
908,Dominic Thao,Sr. Analyst,96297.0
909,Jaxon Shin,IT Coordinator,53593.0
910,Nevaeh Diaz,Director,167660.0
911,,,
912,,,
913,,,
914,,,
915,,,
916,,,
917,,,
918,,,
919,,,
920,,,
921,,,
922,,,
923,Everleigh Castillo,Service Desk Analyst,
924,Valentina Fernandez,Director,
925,Serenity Richardson,Director,
926,Cooper Ramirez,Director,
927,Penelope Avila,Analyst,
928,David Barnes,IT Systems Architect,70566.0
929,Ivy Luong,Cloud Infrastructure Architect,75435.0
930,Aurora Bailey,Development Engineer,69108.0
931,Valentina Valdez,Sr. Manager,140589.0
932,Parker Dinh,Vice President,206423.0
933,Eliana Hsu,Operations Engineer,123738.0
934,Logan Parker,HRIS Analyst,58120.0
935,Liliana Green,Network Administrator,62672.0
936,Victoria Vazquez,Test Engineer,92037.0
937,Kinsley Huynh,Vice President,258722.0
938,Anna Carrillo,Development Engineer,64809.0
939,Isla Singh,Quality Engineer,95577.0
940,Emma Yu,Development Engineer,73059.0
941,,,
942,,,
943,,,
944,,,
945,,,
946,,,
947,,,
948,,,
949,Brooks Ngo,Vice President,211114.0
950,Piper Oh,,73117.0
951,Hunter Molina,,55330.0
952,Michael Hoang,,
953,Eloise Sun,,
954,Gianna Jimenez,,
955,Ava Chan,Sr. Manager,
956,Leilani Navarro,,
957,Lydia Chu,,
958,Liam Salazar,,
959,Hailey Henderson,Analyst,
960,Austin Espinoza,,
961,Delilah Ng,,
962,Gabriella Han,,
963,Aria Miller,,65666.0
964,Sofia Dixon,,
965,Ethan Xiong,,
966,Gabriella Cruz,,
967,,,
968,,,
969,Colton Bui,,
970,,,
971,,,
972,,,
973,Logan Rahman,Manager,
974,Henry Rogers,Sr. Account Representative,72693.0
975,Delilah Cheng,Solutions Architect,92820.0
976,Caroline Rodriguez,Sr. Manager,135561.0
977,Jack Chin,Sr. Manager,121788.0
978,Luna Collins,,92216.0
979,John Campos,,104586.0
980,,,
981,Miles Liu,Analyst,52232.0
982,Violet Duong,Vice President,226646.0
983,Isaac Xiong,Sr. Manager,152253.0
984,Ian Le,Vice President,195471.0
985,Melody Delgado,Network Architect,
986,Eliza Bui,Analyst,
987,Layla Wu,,
988,Thomas Lam,,
989,Willow Taylor,,51321.0
990,Kai Le,,92368.0
991,Robert Patel,,45703.0
992,Cameron Lo,,
993,Harper Castillo,,
994,Harper Dominguez,,
995,Ezra Vu,,
996,Jade Hu,Sr. Analyst,
997,Miles Chang,Analyst II,69674.0
998,Gianna Holmes,System Administrator�,97630.0
999,Jameson Thomas,Manager,105879.0
1000,Jameson Pena,Systems Analyst,40499.0
1001,Bella Wu,Sr. Analyst,71418.0
1002,Jose Wong,Director,150558.0
1003,Madelyn Yee,Sr. Analyst,
1004,Elena Jimenez,Vice President,185211.0
1005,Sadie Ali,Manager,125099.0
1006,Lucas Sandoval,Sr. Analyst,84627.0
1007,Brooks Ngo,Vice President,211114.0
1008,Piper Oh,Sr. Analyst,73117.0
1009,Hunter Molina,Analyst,
1010,Adrian James,Enterprise Architect,73779.0
1011,,,
1012,Christopher Miller,Vice President,199512.0
1013,,,
1014,,,
1015,Dominic Thao,Sr. Analyst,96297.0
1016,Jaxon Shin,IT Coordinator,53593.0
1017,Nevaeh Diaz,Director,167660.0
1018,Easton Truong,,234203.0
1019,Sebastian Vargas,Sr. Manager,121884.0
1020,Joseph Dang,Vice President,209680.0
1021,Madison White,Vice President,240940.0
1022,Valentina Nelson,Network Administrator,63884.0
1023,Everleigh Coleman,Cloud Infrastructure Architect,
1024,Everleigh Castillo,Service Desk Analyst,67756.0
1025,Valentina Fernandez,Director,180256.0
1026,Serenity Richardson,Director,183165.0
1027,Cooper Ramirez,,195194.0
1028,Liliana Simmons,,161453.0
1029,Logan Ortega,Analyst II,64234.0
1030,Isaac Jung,Manager,103726.0
1031,Christopher Desai,Automation Engineer,114260.0
1032,Levi Gonzalez,Controls Engineer,116168.0
1033,Santiago f Wang,Sr. Manager,133267.0
1034,Olivia Vazquez,Network Engineer,93053.0
1035,Leilani Ng,Systems Analyst,50513.0
1036,Olivia Mendoza,Sr. Account Representative,86533.0
1037,Skylar Xu,Test Engineer,72806.0
1038,Eloise Williams,Vice President,258115.0
1039,Jackson Maldonado,Cloud Infrastructure Architect,63444.0
1040,Christian Harris,Engineering Manager,96099.0
1041,Penelope Santos,IT Systems Architect,92849.0
1042,Nicholas Zhou,Sr. Account Representative,85094.0
1043,Ayla Garza,Sr. Manager,156224.0
1044,Carson Mai,Vice President,
1045,Luna Lu,Analyst II,50214.0
1046,Anthony Ho,Sr. Analyst,79713.0
1047,Clara Lopez,Director,166699.0
1048,Grayson Hwang,Sr. Analyst,91689.0
1049,Ezra Tan,Sr. Manager,158028.0
1050,David Ha,Sr. Account Representative,89759.0
1051,Lillian Vang,Technical Architect,78640.0
1052,Sofia Zhang,Analyst,55368.0
1053,Athena Daniels,Network Administrator,78164.0
1054,Jameson Shin,Sr. Analyst,76014.0
1055,Everly Avila,Account Representative,61403.0
1056,Liam Nelson,Technical Architect,80720.0
1057,Caleb Rojas,Analyst II,68281.0
1058,Elizabeth Griffin,Cloud Infrastructure Architect,63979.0
1059,Nolan Han,Business Partner,53090.0
1060,Cameron Romero,Manager,108325.0
1061,Angel Patterson,Sr. Analyst,98289.0
1062,Ryan Foster,IT Coordinator,41275.0
1063,Leonardo Patterson,Sr. Analyst,93642.0
1064,William Song,Director,162957.0
1065,Axel Aguilar,Sr. Analyst,96029.0
1066,Liam Valdez,Vice President,227148.0
1067,Piper Cruz,Director,195636.0
1068,Jaxson Jackson,Enterprise Architect,63165.0
1069,Serenity Mehta,Analyst,
1070,Peyton Gomez,Analyst,
1071,Ethan Vargas,Director,
1072,Serenity Morris,Manager,
1073,Vivian Chan,Sr. Analyst,
1074,Lincoln Singh,Analyst,
1075,Ayla Lim,Director,
1076,Leilani Hong,System Administrator�,79876.0
1077,Victoria Doan,Manager,112593.0
1078,Naomi Wright,System Administrator�,99249.0
1079,Scarlett Howard,Manager,117421.0
1080,Victoria Vo,Field Engineer,82241.0
1081,Oliver Fernandez,Manager,125664.0
1082,Samantha Ford,Technical Architect,86075.0
1083,Thomas Silva,Analyst,52798.0
1084,Charlotte Park,Network Architect,
1085,Liam Jimenez,Sr. Analyst,95682.0
1086,Ivy Liu,Analyst II,55476.0
1087,Jayden Dixon,Vice President,197792.0
1088,Nevaeh Butler,Field Engineer,82271.0
1089,Leonardo Li,Sr. Manager,155716.0
1090,Kinsley Woods,HRIS Analyst,71699.0
1091,Abigail Chu,Sr. Manager,147436.0
1092,Ava Xiong,Sr. Business Partner,88220.0
1093,Olivia Marquez,Account Representative,54295.0
1094,Charles Ramos,Sr. Analyst,74597.0
1095,Ellie Wilson,Director,164102.0
1096,Peyton Powell,System Administrator�,74431.0
1097,Hailey Rojas,Analyst,43378.0
1098,Kai Singh,Analyst,47587.0
1099,Ryan Rivera,Director,179983.0
1100,Everett Lu,Manager,115565.0
1101,Layla Nunez,Manager,126064.0
1102,Liliana Collins,Sr. Manager,151666.0
1103,Ezekiel Jenkins,Service Desk Analyst,
1104,Christopher Wang,Cloud Infrastructure Architect,71502.0
1105,Savannah Rodriguez,Director,
1106,Lyla Turner,Sr. Manager,
1107,Adrian Ngo,Enterprise Architect,85716.0
1108,Aria Juarez,Director,
1109,Audrey Ramos,,
1110,Ayla Lim,,192266.0
1111,Leilani Hong,,79876.0
1112,Victoria Doan,,112593.0
1113,Naomi Wright,,
1114,Scarlett Howard,Manager,
1115,Victoria Vo,Field Engineer,
1116,Oliver Fernandez,Manager,
1117,Eloise Williams,Vice President,
1118,Jackson Maldonado,Cloud Infrastructure Architect,
1119,Christian Harris,Engineering Manager,96099.0
1120,Penelope Santos,IT Systems Architect,
1121,Nicholas Zhou,Sr. Account Representative,85094.0
1122,Jose Park,Director,
1123,Eliza Parker,Development Engineer,
1124,Harper Castillo,Vice President,
1125,Melody Yoon,Business Partner,52292.0
1126,Avery Smith,Sr. Manager,69110.0
1127,Evelyn Vasquez,Technical Architect,68676.0
1128,Paisley Baker,Test Engineer,86094.0
1129,Eloise Griffin,Enterprise Architect,77607.0
1130,Santiago f Banks,Sr. Manager,151481.0
1131,Caroline Wong,Analyst,40508.0
1132,Quinn Ho,Vice President,200481.0
1133,Caroline Nunez,Vice President,224872.0
1134,Carson Brown,Sr. Manager,149474.0
1135,Olivia Maldonado,Test Engineer,86820.0
1136,Emilia Chung,Director,184078.0
1137,Leilani Shin,Analyst,55174.0
1138,Abigail Zhu,Director,152474.0
1139,Autumn Xiong,Network Administrator,75172.0
1140,Hailey Cruz,Business Partner,56002.0
1141,Piper Cruz,Director,195636.0
1142,Jaxson Jackson,Enterprise Architect,63165.0
1143,Serenity Mehta,Analyst,57277.0
1144,Peyton Gomez,Analyst,42950.0
1145,Ethan Vargas,Director,168410.0
1146,Serenity Morris,Manager,114588.0
1147,Hunter Yi,Automation Engineer,121976.0
1148,Valentina Oh,Sr. Manager,126464.0
1149,Kinsley Tran,Vice President,234064.0
1150,Christian Hong,Sr. Analyst,81829.0
1151,Amelia Mehta,Director,193971.0
1152,Axel Leung,Business Partner,47696.0
1153,Lucas Lam,Manager,116676.0
1154,Jose Thompson,Manager,104162.0
1155,Wesley Duong,Sr. Business Partner,86226.0
1156,Adeline Maldonado,Director,172206.0
1157,Elias Diaz,HRIS Analyst,55985.0
1158,Wyatt Aguilar,Technical Architect,61481.0
1159,Josephine Espinoza,Manager,124295.0
1160,Adeline Lai,Sr. Manager,132894.0
1161,Christopher Vu,Computer Systems Manager,88839.0
1162,Kai Vega,Automation Engineer,78107.0
1163,Kai Le,Controls Engineer,92368.0
1164,Robert Patel,Analyst,45703.0
1165,Cameron Lo,Network Administrator,83576.0
1166,Harper Castillo,IT Systems Architect,98062.0
1167,Harper Dominguez,Director,175391.0
1168,Ezra Vu,Network Administrator,66227.0
1169,Jade Hu,Sr. Analyst,89744.0
1170,Miles Chang,Analyst II,69674.0
1171,Gianna Holmes,System Administrator�,97630.0
1172,Jameson Thomas,Manager,105879.0
1173,Jameson Pena,Systems Analyst,40499.0
1174,Bella Wu,Sr. Analyst,71418.0
1175,Jose Wong,Director,150558.0
1176,Lucas Richardson,Manager,118912.0
1177,Jacob Moore,Sr. Manager,131422.0
1178,Luna Lu,IT Systems Architect,64208.0
1179,Bella Tran,Vice President,254486.0
1180,Ivy Chau,Analyst,54811.0
1181,Jordan Kumar,Service Desk Analyst,95729.0
1182,Sophia Gutierrez,Manager,102649.0
1183,Eli Dang,Sr. Manager,122875.0
1184,Lillian Lewis,Technical Architect,83323.0
1185,Serenity Cao,Account Representative,66721.0
1186,Parker Lai,Vice President,246400.0
1187,Charles Simmons,Manager,113525.0
1188,Melody Yoon,Business Partner,52292.0
1189,Avery Smith,Sr. Manager,69110.0
1190,Evelyn Vasquez,Technical Architect,68676.0
1191,Paisley Baker,Test Engineer,86094.0
1192,Eloise Griffin,Enterprise Architect,77607.0
1193,Santiago f Banks,Sr. Manager,151481.0
1194,Caroline Wong,Analyst,40508.0
1195,Quinn Ho,Vice President,200481.0
1196,Caroline Nunez,Vice President,224872.0
1197,Carson Brown,Sr. Manager,149474.0
1198,Olivia Maldonado,Test Engineer,86820.0
1199,Emilia Chung,Director,184078.0
1200,Leilani Shin,Analyst,55174.0
1201,Abigail Zhu,Director,152474.0
1202,Autumn Xiong,Network Administrator,75172.0
1203,Hailey Cruz,Business Partner,56002.0
1204,Piper Cruz,Director,195636.0
1205,Jaxson Jackson,Enterprise Architect,63165.0
1206,Serenity Mehta,Analyst,57277.0
1207,Peyton Gomez,Analyst,42950.0
1208,Ethan Vargas,Director,168410.0
1209,Bella Wu,Sr. Analyst,71418.0
1210,Jose Wong,Director,150558.0
1211,Lucas Richardson,Manager,118912.0
1212,Jacob Moore,Sr. Manager,131422.0
1213,Luna Lu,IT Systems Architect,64208.0
1214,Bella Tran,Vice President,254486.0
1215,Ivy Chau,Analyst,54811.0
1216,Jordan Kumar,Service Desk Analyst,95729.0
1217,Sophia Gutierrez,Manager,102649.0
1218,Eli Dang,Sr. Manager,122875.0
1219,Lillian Lewis,Technical Architect,83323.0
1220,Serenity Cao,Account Representative,66721.0
1221,Parker Lai,Vice President,246400.0
1222,Charles Simmons,Manager,113525.0
1223,Jayden Luu,Director,184342.0
1224,Brooks Richardson,Director,151341.0
1225,Ivy Thompson,Manager,118900.0
1226,Peyton Wright,Sr. Manager,153370.0
1227,Wyatt Dinh,System Administrator�,72860.0
1228,Ruby Alexander,Vice President,255610.0
1229,Axel Oh,Sr. Analyst,84962.0
1230,Greyson Lim,Director,198662.0
1231,Chloe Miller,Sr. Manager,142506.0
1232,Jaxson Brooks,Network Architect,77028.0
1233,Jack Perez,Cloud Infrastructure Architect,80389.0
1234,Ruby Reed,Vice President,249062.0
1235,Ivy Rojas,IT Coordinator,52675.0
1236,Hudson Wong,Sr. Account Representative,83365.0
1237,Ryan Yi,Solutions Architect,82758.0
1238,Carter Simmons,Manager,126406.0
1239,Emilia Xu,Manager,103147.0
1240,Adam Medina,IT Systems Architect,81622.0
1241,Connor Howard,Systems Analyst,44265.0
1242,Audrey Duong,Vice President,213998.0
1243,Landon Reyes,Director,171823.0
1244,Noah Ma,Vice President,201013.0
1245,Lucas Alexander,Director,192944.0
1246,Henry Vo,Controls Engineer,81699.0
1247,Mila Han,Manager,128791.0
1248,Genesis Herrera,Manager,126898.0
1249,Olivia Vazquez,Network Engineer,93053.0
1250,Leilani Ng,Systems Analyst,50513.0
1251,Olivia Mendoza,Sr. Account Representative,86533.0
